alias,realName,Parent
Page_Card,Construction.ECAD.E104Macros.Page_macros.Page.Page_Card,Page_macros.Page
DCon_2Conn,Construction.ECAD.E104Macros.Window_macros.General.DeviceConnectionPoint.DCon_2Conn,Window_macros.General.DeviceConnectionPoint
PTerm_F_120_PXC,Construction.ECAD.E104Macros.Window_macros.General.Terminal.F.120.PXC.PTerm_F_120_PXC,Window_macros.General.Terminal.F.120.PXC
PTerm_F_120_TE,Construction.ECAD.E104Macros.Window_macros.General.Terminal.F.120.TE.PTerm_F_120_TE,Window_macros.General.Terminal.F.120.TE
PTerm_F_120_WAGO,Construction.ECAD.E104Macros.Window_macros.General.Terminal.F.120.WAGO.PTerm_F_120_WAGO,Window_macros.General.Terminal.F.120.WAGO
PTerm_F_24_PXC,Construction.ECAD.E104Macros.Window_macros.General.Terminal.F.24.PXC.PTerm_F_24_PXC,Window_macros.General.Terminal.F.24.PXC
PTerm_F_24_TE,Construction.ECAD.E104Macros.Window_macros.General.Terminal.F.24.TE.PTerm_F_24_TE,Window_macros.General.Terminal.F.24.TE
PTerm_F_24_WAGO,Construction.ECAD.E104Macros.Window_macros.General.Terminal.F.24.WAGO.PTerm_F_24_WAGO,Window_macros.General.Terminal.F.24.WAGO
PTerm_FL_120_PXC,Construction.ECAD.E104Macros.Window_macros.General.Terminal.FL.120.PXC.PTerm_FL_120_PXC,Window_macros.General.Terminal.FL.120.PXC
PTerm_FL_120_WAGO,Construction.ECAD.E104Macros.Window_macros.General.Terminal.FL.120.WAGO.PTerm_FL_120_WAGO,Window_macros.General.Terminal.FL.120.WAGO
PTerm_FL_24_PXC,Construction.ECAD.E104Macros.Window_macros.General.Terminal.FL.24.PXC.PTerm_FL_24_PXC,Window_macros.General.Terminal.FL.24.PXC
PTerm_FL_24_WAGO,Construction.ECAD.E104Macros.Window_macros.General.Terminal.FL.24.WAGO.PTerm_FL_24_WAGO,Window_macros.General.Terminal.FL.24.WAGO
PTerm_FL_TE,Construction.ECAD.E104Macros.Window_macros.General.Terminal.FL.TE.PTerm_FL_TE,Window_macros.General.Terminal.FL.TE
PTerm_FLP_120_PXC,Construction.ECAD.E104Macros.Window_macros.General.Terminal.FLP.120.PXC.PTerm_FLP_120_PXC,Window_macros.General.Terminal.FLP.120.PXC
PTerm_FLP_24_PXC,Construction.ECAD.E104Macros.Window_macros.General.Terminal.FLP.24.PXC.PTerm_FLP_24_PXC,Window_macros.General.Terminal.FLP.24.PXC
PTerm_L_PXC,Construction.ECAD.E104Macros.Window_macros.General.Terminal.L.PXC.PTerm_L_PXC,Window_macros.General.Terminal.L.PXC
PTerm_L_TE,Construction.ECAD.E104Macros.Window_macros.General.Terminal.L.TE.PTerm_L_TE,Window_macros.General.Terminal.L.TE
PTerm_L_TE_temp,Construction.ECAD.E104Macros.Window_macros.General.Terminal.L.TE.PTerm_L_TE_temp,Window_macros.General.Terminal.L.TE
PTerm_L_WAGO,Construction.ECAD.E104Macros.Window_macros.General.Terminal.L.WAGO.PTerm_L_WAGO,Window_macros.General.Terminal.L.WAGO
PTerm_LL_PXC,Construction.ECAD.E104Macros.Window_macros.General.Terminal.LL.PXC.PTerm_LL_PXC,Window_macros.General.Terminal.LL.PXC
PTerm_LL_TE,Construction.ECAD.E104Macros.Window_macros.General.Terminal.LL.TE.PTerm_LL_TE,Window_macros.General.Terminal.LL.TE
PTerm_LL_WAGO,Construction.ECAD.E104Macros.Window_macros.General.Terminal.LL.WAGO.PTerm_LL_WAGO,Window_macros.General.Terminal.LL.WAGO
PTerm_LLG_PXC,Construction.ECAD.E104Macros.Window_macros.General.Terminal.LLG.PXC.PTerm_LLG_PXC,Window_macros.General.Terminal.LLG.PXC
PTerm_LLG_TE,Construction.ECAD.E104Macros.Window_macros.General.Terminal.LLG.TE.PTerm_LLG_TE,Window_macros.General.Terminal.LLG.TE
PTerm_LLG_WAGO,Construction.ECAD.E104Macros.Window_macros.General.Terminal.LLG.WAGO.PTerm_LLG_WAGO,Window_macros.General.Terminal.LLG.WAGO
PTerm_LLL_PXC,Construction.ECAD.E104Macros.Window_macros.General.Terminal.LLL.PXC.PTerm_LLL_PXC,Window_macros.General.Terminal.LLL.PXC
PTerm_LLL_WAGO,Construction.ECAD.E104Macros.Window_macros.General.Terminal.LLL.WAGO.PTerm_LLL_WAGO,Window_macros.General.Terminal.LLL.WAGO
PTerm_LLLG_PXC,Construction.ECAD.E104Macros.Window_macros.General.Terminal.LLLG.PXC.PTerm_LLLG_PXC,Window_macros.General.Terminal.LLLG.PXC
PTerm_LLLP_WAGO,Construction.ECAD.E104Macros.Window_macros.General.Terminal.LLLP.WAGO.PTerm_LLLP_WAGO,Window_macros.General.Terminal.LLLP.WAGO
PTerm_T_TE,Construction.ECAD.E104Macros.Window_macros.General.Terminal.T.TE.PTerm_T_TE,Window_macros.General.Terminal.T.TE
Angle_DownLeft,Construction.ECAD.E104Macros.Window_macros.General.WireAngle.Angle_DownLeft,Window_macros.General.WireAngle
Angle_DownRight,Construction.ECAD.E104Macros.Window_macros.General.WireAngle.Angle_DownRight,Window_macros.General.WireAngle
Angle_DownRightInterP,Construction.ECAD.E104Macros.Window_macros.General.WireAngle.Angle_DownRightInterP,Window_macros.General.WireAngle
Angle_UpLeft,Construction.ECAD.E104Macros.Window_macros.General.WireAngle.Angle_UpLeft,Window_macros.General.WireAngle
Angle_UpRight,Construction.ECAD.E104Macros.Window_macros.General.WireAngle.Angle_UpRight,Window_macros.General.WireAngle
Angle_UpRightInterP,Construction.ECAD.E104Macros.Window_macros.General.WireAngle.Angle_UpRightInterP,Window_macros.General.WireAngle
Node_DoubleJunctDot,Construction.ECAD.E104Macros.Window_macros.General.WireNode.Node_DoubleJunctDot,Window_macros.General.WireNode
Node_TDownDot,Construction.ECAD.E104Macros.Window_macros.General.WireNode.Node_TDownDot,Window_macros.General.WireNode
Node_TLeftDot,Construction.ECAD.E104Macros.Window_macros.General.WireNode.Node_TLeftDot,Window_macros.General.WireNode
Node_TRightDot,Construction.ECAD.E104Macros.Window_macros.General.WireNode.Node_TRightDot,Window_macros.General.WireNode
Node_TUpDot,Construction.ECAD.E104Macros.Window_macros.General.WireNode.Node_TUpDot,Window_macros.General.WireNode
Channel_2Channel,Construction.ECAD.E104Macros.Window_macros.Page.Channel.Channel_2Channel,Window_macros.Page.Channel
Channel_Standard,Construction.ECAD.E104Macros.Window_macros.Page.Channel.Channel_Standard,Window_macros.Page.Channel
Channel_Top_Bottom,Construction.ECAD.E104Macros.Window_macros.Page.Channel.Channel_Top_Bottom,Window_macros.Page.Channel
DCable_1Channel,Construction.ECAD.E104Macros.Window_macros.Page.Channel.EndDeviceCable.DCable_1Channel,Window_macros.Page.Channel.EndDeviceCable
DCable_2Channel,Construction.ECAD.E104Macros.Window_macros.Page.Channel.EndDeviceCable.DCable_2Channel,Window_macros.Page.Channel.EndDeviceCable
DCable_CableDef,Construction.ECAD.E104Macros.Window_macros.Page.Channel.EndDeviceCable.DCable_CableDef,Window_macros.Page.Channel.EndDeviceCable
DCable_CableDef2Channel,Construction.ECAD.E104Macros.Window_macros.Page.Channel.EndDeviceCable.DCable_CableDef2Channel,Window_macros.Page.Channel.EndDeviceCable
DCable_WireDefBelden2W,Construction.ECAD.E104Macros.Window_macros.Page.Channel.EndDeviceCable.DCable_WireDefBelden2W,Window_macros.Page.Channel.EndDeviceCable
DCable_WireDefBelden2W2Channel,Construction.ECAD.E104Macros.Window_macros.Page.Channel.EndDeviceCable.DCable_WireDefBelden2W2Channel,Window_macros.Page.Channel.EndDeviceCable
DCable_WireDefBelden3W,Construction.ECAD.E104Macros.Window_macros.Page.Channel.EndDeviceCable.DCable_WireDefBelden3W,Window_macros.Page.Channel.EndDeviceCable
Dev_BlackBox,Construction.ECAD.E104Macros.Window_macros.Page.Channel.EndDeviceGraphic.Dev_BlackBox,Window_macros.Page.Channel.EndDeviceGraphic
Dev_Coil,Construction.ECAD.E104Macros.Window_macros.Page.Channel.EndDeviceGraphic.Dev_Coil,Window_macros.Page.Channel.EndDeviceGraphic
Dev_ContactNC,Construction.ECAD.E104Macros.Window_macros.Page.Channel.EndDeviceGraphic.Dev_ContactNC,Window_macros.Page.Channel.EndDeviceGraphic
Dev_ContactNO,Construction.ECAD.E104Macros.Window_macros.Page.Channel.EndDeviceGraphic.Dev_ContactNO,Window_macros.Page.Channel.EndDeviceGraphic
Dev_FieldSB,Construction.ECAD.E104Macros.Window_macros.Page.Channel.EndDeviceGraphic.Dev_FieldSB,Window_macros.Page.Channel.EndDeviceGraphic
DJBox_JBox,Construction.ECAD.E104Macros.Window_macros.Page.Channel.EndDeviceJBox.DJBox_JBox,Window_macros.Page.Channel.EndDeviceJBox
DJBox_JBoxNoSB,Construction.ECAD.E104Macros.Window_macros.Page.Channel.EndDeviceJBox.DJBox_JBoxNoSB,Window_macros.Page.Channel.EndDeviceJBox
EndDeviceRung_Standard,Construction.ECAD.E104Macros.Window_macros.Page.Channel.EndDeviceRung.EndDeviceRung_Standard,Window_macros.Page.Channel.EndDeviceRung
DTerm_Left,Construction.ECAD.E104Macros.Window_macros.Page.Channel.EndDeviceRung.EndDeviceTerm.DTerm_Left,Window_macros.Page.Channel.EndDeviceRung.EndDeviceTerm
DTerm_Right,Construction.ECAD.E104Macros.Window_macros.Page.Channel.EndDeviceRung.EndDeviceTerm.DTerm_Right,Window_macros.Page.Channel.EndDeviceRung.EndDeviceTerm
DWire_Standard,Construction.ECAD.E104Macros.Window_macros.Page.Channel.EndDeviceRung.EndDeviceWire.DWire_Standard,Window_macros.Page.Channel.EndDeviceRung.EndDeviceWire
Inter_ContactNC,Construction.ECAD.E104Macros.Window_macros.Page.Channel.InterposingDevice.Inter_ContactNC,Window_macros.Page.Channel.InterposingDevice
Inter_ContactNO,Construction.ECAD.E104Macros.Window_macros.Page.Channel.InterposingDevice.Inter_ContactNO,Window_macros.Page.Channel.InterposingDevice
Inter_ISBarrier,Construction.ECAD.E104Macros.Window_macros.Page.Channel.InterposingDevice.Inter_ISBarrier,Window_macros.Page.Channel.InterposingDevice
Inter_ISBarrierNoSB,Construction.ECAD.E104Macros.Window_macros.Page.Channel.InterposingDevice.Inter_ISBarrierNoSB,Window_macros.Page.Channel.InterposingDevice
PCable_CableDef,Construction.ECAD.E104Macros.Window_macros.Page.Channel.PanelCable.PCable_CableDef,Window_macros.Page.Channel.PanelCable
PCable_CableDef2Channel,Construction.ECAD.E104Macros.Window_macros.Page.Channel.PanelCable.PCable_CableDef2Channel,Window_macros.Page.Channel.PanelCable
PCable_WireDefBelden2W,Construction.ECAD.E104Macros.Window_macros.Page.Channel.PanelCable.PCable_WireDefBelden2W,Window_macros.Page.Channel.PanelCable
PCable_WireDefBelden2W2Channel,Construction.ECAD.E104Macros.Window_macros.Page.Channel.PanelCable.PCable_WireDefBelden2W2Channel,Window_macros.Page.Channel.PanelCable
PCable_WireDefBelden3W,Construction.ECAD.E104Macros.Window_macros.Page.Channel.PanelCable.PCable_WireDefBelden3W,Window_macros.Page.Channel.PanelCable
PanelRung_Standard,Construction.ECAD.E104Macros.Window_macros.Page.Channel.PanelRung.PanelRung_Standard,Window_macros.Page.Channel.PanelRung
PWire_Standard,Construction.ECAD.E104Macros.Window_macros.Page.Channel.PanelRung.PanelWire.PWire_Standard,Window_macros.Page.Channel.PanelRung.PanelWire
PLCCon_Left,Construction.ECAD.E104Macros.Window_macros.Page.Channel.PanelRung.PLCConnectionPoint.PLCCon_Left,Window_macros.Page.Channel.PanelRung.PLCConnectionPoint
PLCCon_Right,Construction.ECAD.E104Macros.Window_macros.Page.Channel.PanelRung.PLCConnectionPoint.PLCCon_Right,Window_macros.Page.Channel.PanelRung.PLCConnectionPoint
KP_1756_MAIN,Construction.ECAD.E104Macros.Window_macros.Page.KeyPattern.ControlLogix.KP_1756_MAIN,Window_macros.Page.KeyPattern.ControlLogix
KP_1756_MOD,Construction.ECAD.E104Macros.Window_macros.Page.KeyPattern.ControlLogix.KP_1756_MOD,Window_macros.Page.KeyPattern.ControlLogix
KP_1756_TB,Construction.ECAD.E104Macros.Window_macros.Page.KeyPattern.ControlLogix.KP_1756_TB,Window_macros.Page.KeyPattern.ControlLogix
KP_1794_0,Construction.ECAD.E104Macros.Window_macros.Page.KeyPattern.Flex1794.KP_1794_0,Window_macros.Page.KeyPattern.Flex1794
KP_1794_1,Construction.ECAD.E104Macros.Window_macros.Page.KeyPattern.Flex1794.KP_1794_1,Window_macros.Page.KeyPattern.Flex1794
KP_1794_2,Construction.ECAD.E104Macros.Window_macros.Page.KeyPattern.Flex1794.KP_1794_2,Window_macros.Page.KeyPattern.Flex1794
KP_1794_3,Construction.ECAD.E104Macros.Window_macros.Page.KeyPattern.Flex1794.KP_1794_3,Window_macros.Page.KeyPattern.Flex1794
KP_1794_4,Construction.ECAD.E104Macros.Window_macros.Page.KeyPattern.Flex1794.KP_1794_4,Window_macros.Page.KeyPattern.Flex1794
KP_1794_5,Construction.ECAD.E104Macros.Window_macros.Page.KeyPattern.Flex1794.KP_1794_5,Window_macros.Page.KeyPattern.Flex1794
KP_1794_6,Construction.ECAD.E104Macros.Window_macros.Page.KeyPattern.Flex1794.KP_1794_6,Window_macros.Page.KeyPattern.Flex1794
KP_1794_7,Construction.ECAD.E104Macros.Window_macros.Page.KeyPattern.Flex1794.KP_1794_7,Window_macros.Page.KeyPattern.Flex1794
KP_1794_8,Construction.ECAD.E104Macros.Window_macros.Page.KeyPattern.Flex1794.KP_1794_8,Window_macros.Page.KeyPattern.Flex1794
KP_1794_9,Construction.ECAD.E104Macros.Window_macros.Page.KeyPattern.Flex1794.KP_1794_9,Window_macros.Page.KeyPattern.Flex1794
KP_1794_MAIN,Construction.ECAD.E104Macros.Window_macros.Page.KeyPattern.Flex1794.KP_1794_MAIN,Window_macros.Page.KeyPattern.Flex1794
KP_5094_1,Construction.ECAD.E104Macros.Window_macros.Page.KeyPattern.Flex5000.KP_5094_1,Window_macros.Page.KeyPattern.Flex5000
KP_5094_2,Construction.ECAD.E104Macros.Window_macros.Page.KeyPattern.Flex5000.KP_5094_2,Window_macros.Page.KeyPattern.Flex5000
KP_5094_3,Construction.ECAD.E104Macros.Window_macros.Page.KeyPattern.Flex5000.KP_5094_3,Window_macros.Page.KeyPattern.Flex5000
KP_5094_4,Construction.ECAD.E104Macros.Window_macros.Page.KeyPattern.Flex5000.KP_5094_4,Window_macros.Page.KeyPattern.Flex5000
KP_5094_5,Construction.ECAD.E104Macros.Window_macros.Page.KeyPattern.Flex5000.KP_5094_5,Window_macros.Page.KeyPattern.Flex5000
KP_5094_MAIN,Construction.ECAD.E104Macros.Window_macros.Page.KeyPattern.Flex5000.KP_5094_MAIN,Window_macros.Page.KeyPattern.Flex5000
Page_CardWireDef,Construction.ECAD.E104Macros.Window_macros.Page.PageGeneral.Page_CardWireDef,Window_macros.Page.PageGeneral
Page_EndDeviceCableDef,Construction.ECAD.E104Macros.Window_macros.Page.PageGeneral.Page_EndDeviceCableDef,Window_macros.Page.PageGeneral
Page_EndDeviceWireDef,Construction.ECAD.E104Macros.Window_macros.Page.PageGeneral.Page_EndDeviceWireDef,Window_macros.Page.PageGeneral
Page_FieldSB,Construction.ECAD.E104Macros.Window_macros.Page.PageGeneral.Page_FieldSB,Window_macros.Page.PageGeneral
Page_ISBarrier,Construction.ECAD.E104Macros.Window_macros.Page.PageGeneral.Page_ISBarrier,Window_macros.Page.PageGeneral
Page_ISBarrierNoSB,Construction.ECAD.E104Macros.Window_macros.Page.PageGeneral.Page_ISBarrierNoSB,Window_macros.Page.PageGeneral
Page_JBox,Construction.ECAD.E104Macros.Window_macros.Page.PageGeneral.Page_JBox,Window_macros.Page.PageGeneral
Page_PLCBox,Construction.ECAD.E104Macros.Window_macros.Page.PageGeneral.Page_PLCBox,Window_macros.Page.PageGeneral
PCable_WireDef_AB_1492_CABLE025TBCH,Construction.ECAD.E104Macros.Window_macros.Page.PageGeneral.PanelCable.PCable_WireDef_AB_1492_CABLE025TBCH,Window_macros.Page.PageGeneral.PanelCable
PCable_WireDef_AB_1492_CABLE025TBNH,Construction.ECAD.E104Macros.Window_macros.Page.PageGeneral.PanelCable.PCable_WireDef_AB_1492_CABLE025TBNH,Window_macros.Page.PageGeneral.PanelCable
PRC_MinusContd,Construction.ECAD.E104Macros.Window_macros.Page.PowerRailToCard.PRC_MinusContd,Window_macros.Page.PowerRailToCard
PRC_MinusEnd,Construction.ECAD.E104Macros.Window_macros.Page.PowerRailToCard.PRC_MinusEnd,Window_macros.Page.PowerRailToCard
PRC_MinusStart,Construction.ECAD.E104Macros.Window_macros.Page.PowerRailToCard.PRC_MinusStart,Window_macros.Page.PowerRailToCard
PRC_MinusStartContd,Construction.ECAD.E104Macros.Window_macros.Page.PowerRailToCard.PRC_MinusStartContd,Window_macros.Page.PowerRailToCard
PRC_PlusContd,Construction.ECAD.E104Macros.Window_macros.Page.PowerRailToCard.PRC_PlusContd,Window_macros.Page.PowerRailToCard
PRC_PlusEnd,Construction.ECAD.E104Macros.Window_macros.Page.PowerRailToCard.PRC_PlusEnd,Window_macros.Page.PowerRailToCard
PRC_PlusStart,Construction.ECAD.E104Macros.Window_macros.Page.PowerRailToCard.PRC_PlusStart,Window_macros.Page.PowerRailToCard
PRC_PlusStartContd,Construction.ECAD.E104Macros.Window_macros.Page.PowerRailToCard.PRC_PlusStartContd,Window_macros.Page.PowerRailToCard
PRT_MinusContd,Construction.ECAD.E104Macros.Window_macros.Page.PowerRailToTerm.PRT_MinusContd,Window_macros.Page.PowerRailToTerm
PRT_MinusEndToTerm,Construction.ECAD.E104Macros.Window_macros.Page.PowerRailToTerm.PRT_MinusEndToTerm,Window_macros.Page.PowerRailToTerm
PRT_MinusStart,Construction.ECAD.E104Macros.Window_macros.Page.PowerRailToTerm.PRT_MinusStart,Window_macros.Page.PowerRailToTerm
PRT_MinusStartContdToTerm,Construction.ECAD.E104Macros.Window_macros.Page.PowerRailToTerm.PRT_MinusStartContdToTerm,Window_macros.Page.PowerRailToTerm
PRT_PlusContd,Construction.ECAD.E104Macros.Window_macros.Page.PowerRailToTerm.PRT_PlusContd,Window_macros.Page.PowerRailToTerm
PRT_PlusEndToTerm,Construction.ECAD.E104Macros.Window_macros.Page.PowerRailToTerm.PRT_PlusEndToTerm,Window_macros.Page.PowerRailToTerm
PRT_PlusStart,Construction.ECAD.E104Macros.Window_macros.Page.PowerRailToTerm.PRT_PlusStart,Window_macros.Page.PowerRailToTerm
PRT_PlusStartContdToTerm,Construction.ECAD.E104Macros.Window_macros.Page.PowerRailToTerm.PRT_PlusStartContdToTerm,Window_macros.Page.PowerRailToTerm
